filename,h2b_id,diffusion_coef
20220301_H2B Halo_Field26_2min_crop.rpt_tracked copy.trxyt,2_cluster0,0.030069948020500063
,,0.10623039987624998
,,0.012179825300000275
,,0.034882334569998195
,,0.038599979172999975
,,0.012213996552500692
,,0.03370718866249867
,,0.006761015406249948
,,0.03085789959049928
,,0.04674814294250196
,,0.029642381848248366
,,0.11625482655124708
,,0.006975321892250152
,,0.0386278105792508
,,0.15990550907124876
,,0.16697852703624846
,,0.030091751624249968
,,0.10967622444499829
,,0.05835578574849973
,,0.07686903355925023
,,0.06978444332624997
,,0.034790104385999734
,,4.186934689081249
20220301_H2B Halo_Field26_2min_crop.rpt_tracked copy.trxyt,34_cluster1,0.10511022106924978
,,0.05757219960424966
,,0.3814682178245025
,,11.082121148479617
,,0.24543758890625036
,,0.007616059228124975
,,0.08864704958650033
,,0.17566642732850113
20220301_H2B Halo_Field26_2min_crop.rpt_tracked copy.trxyt,132_cluster2,6.918239751001152
,,3.9222948172088903
,,1.9559973117940448
,,0.3899706841812433
,,0.18346111622500552
,,0.274116596028995
,,0.2705321923940051
,,0.1558845220202471
,,0.002119972546000078
,,0.11380896628899355
,,0.18023251732100254
,,0.030488520074501427
,,0.556775608552236
,,2.7771523985023348
,,3.8710275670489107
,,2.5793927153031144
,,0.626963209981267
,,0.6550881104672304
,,1.5487217315472854
,,12.312639315460714
,,0.36401779210050644
,,2.3714811724824556
,,0.042863042797250686
,,4.552464351295345
,,2.598850913145189
,,0.641572493085264
,,0.18658668714050244
,,1.7769099089322042
,,0.4457497974312562
,,0.7747156432022306
,,2.7357843487813236
,,0.06577206034899899
,,1.591371545879277
,,1.8751073513224679
,,4.622575992558602
,,0.09803184706124352
,,0.43609908464200464
,,1.8905595526691965
,,0.3210079506685054
,,2.1309722198791228
,,5.428845219746121
20220301_H2B Halo_Field26_2min_crop.rpt_tracked copy.trxyt,316_cluster0,0.12566873283402122
,,0.1696207861822809
,,0.05756995001601099
,,0.24121923151387703
,,0.12563921408127599
,,0.16896680126228375
,,0.16562063172091473
,,0.006814421331251513
,,0.1743788277460335
,,0.021581492369006038
,,0.3718294123138124
,,0.15048802218027704
,,0.2629341853153024
,,0.05660626657597098
,,0.19378028742528752
,,0.28063743186730167
,,0.051720030756010185
,,0.4758963232607569
,,0.14557058637027878
,,0.021230118746005507
,,0.07946843697026768
,,0.23167701140888344
,,0.18203364990628967
,,0.3330412052500672
,,0.3828111993450523
,,0.10753438923127287
,,0.10027967330027336
,,0.03843276858100764
,,0.07372165826596201
,,0.013392301437252889
,,8.645393073648968
,,8.29808568661403
,,0.050138848069007834
,,0.036336235240632196
,,0.07089678518396383
,,0.09245982605627069
,,0.031367690187256596
,,0.06990291652721277
,,0.07226367792401432
,,0.03135193433125557
,,0.1403184376772783
,,0.04756929790222675
,,0.13899316512102655
,,0.10113916442226921
,,0.1404283132102768
,,0.21248229478088929
,,0.07922828163126636
,,0.18122339290604153
,,0.24165002828887996
,,0.11026847442502245
,,0.0887543281752677
,,0.06571078981526221
,,0.05128764834097221
,,0.15903463757603123
,,0.024659518257254535
20220301_H2B Halo_Field26_2min_crop.rpt_tracked copy.trxyt,1,0.0025282901812498995
,,0.054489040805000416
,,0.1387966454382496
,,0.08252916575725064
,,0.12805418790025075
,,0.0007533704522499754
,,0.0034462969662499843
,,0.0075257967062499105
,,0.10304772217925037
,,0.06590722511699935
,,0.046968667071249914
,,0.03056519507424961
,,0.0019037445932500177
,,0.04523171419925003
,,0.19080077438500082
,,0.08666029524124981
,,0.016664040208249624
,,0.1260534549132506
,,0.13765812007449987
,,0.08289716359699992
,,0.025997510553249826
,,0.011636863594000282
,,0.0035583224852500537
,,0.014629070179999959
,,0.08750327964924949
,,0.007433210077249658
,,0.17064937270249977
,,0.1363107690100008
,,0.19960091894725018
,,0.20682673962624937
,,0.060774717701000104
,,0.06367110741449973
,,0.08552283482525035
,,0.032153754409250744
,,0.09943217665624957
,,0.0971439043184995
,,0.07976022934499974
,,0.00888910798250022
,,0.003292463074500206
,,0.052384848390250247
,,0.07981834756899933
,,0.02349177761124968
,,0.0021202269984998915
,,0.02697487452500003
,,0.06371672688499926
,,0.052407125691250236
,,0.045101647578249755
,,0.09988373425299937
,,0.1707349052050001
,,0.07547205312399943
,,0.05234471003525034
,,0.08868266073224947
,,0.0008827634852500102
,,0.0025180983942500188
,,0.014453179341250035
,,0.09153980108324997
,,0.13046919131724982
,,0.0051371431802499186
,,0.010235844102499789
,,0.004871520371249655
,,0.196699476024251
,,0.017915135514500365
,,0.02545716192500017
,,0.013556872433249998
,,0.07934551501050076
,,0.08165597001425062
,,0.03862595884625012
,,0.1154973782612518
,,0.04466300444524949
,,0.018796300602250005
,,0.005090742381249897
,,0.050083804794500385
,,0.1209508625732507
,,0.005800475100250137
,,0.014540951280250208
,,0.018549881471249884
,,0.05190307278724941
,,0.09710515147325006
,,0.009780789651250189
,,0.08493996335400027
,,0.15860123468425144
,,0.007219167460250255
,,0.03477275298725025
,,0.02092365132925035
,,0.004873530841999818
,,0.07567419336924947
,,0.1292412313890004
,,0.05830881424624985
,,0.009697409454500082
,,0.019688547334250368
,,0.013691287930500213
,,0.028014865122499337
,,0.06515728566425082
,,0.3408601641192508
,,0.12192980959825003
20220301_H2B Halo_Field26_2min_crop.rpt_tracked copy.trxyt,6,0.011033992697039904
,,0.004417084588004996
,,0.0018997638931024818
,,0.07357605228985233
,,0.030745264221440072
,,0.00407768016270244
,,0.002286025203172497
,,0.0007271491792500047
,,2.5629772812499573e-05
,,0.09490246337528975
,,0.010177966798244995
20220301_H2B Halo_Field26_2min_crop.rpt_tracked copy.trxyt,8,0.05746786898599961
,,0.037788906356500014
,,0.007800463297999863
,,0.009889422223250068
,,0.19534964165000232
,,0.28240183790325063
,,0.011454174924249827
,,0.045995945497000174
,,0.3828698027764973
,,0.6463096314642499
,,0.24728229288100045
,,0.01869500394900049
,,0.0977987288102507
20220301_H2B Halo_Field26_2min_crop.rpt_tracked copy.trxyt,15,0.09450138639824911
,,0.265607073210124
,,0.11836834168999719
,,0.3487888056942525
,,0.3837531353049984
,,0.25170992499400124
,,0.022596990898500393
,,0.4011157588009994
,,0.07307410238499898
20220301_H2B Halo_Field26_2min_crop.rpt_tracked copy.trxyt,16,0.0034631180221224825
,,0.10421514474365205
,,0.045805902635859874
,,0.00028717430217250264
,,0.032085712952690006
,,0.02029321894632636
,,0.0250954343436102
,,0.02155972633800248
,,0.02265376280989014
,,0.00036939454729000557
,,0.005523391729009987
,,0.12245607785835297
,,0.03729174751392234
,,0.012052584794259963
,,0.004322377208960022
,,0.003725206913702553
,,0.0020041314303725502
,,0.007434267110500012
,,0.007345302567759941
,,0.04626920846162262
,,0.04172319709870265
,,0.03829707609582321
20220301_H2B Halo_Field26_2min_crop.rpt_tracked copy.trxyt,24,0.013036722056500532
,,0.022210339282624444
,,0.034118394048500075
,,0.07444635890412454
,,0.6037215447992579
,,0.7968327573162471
,,0.8017001251085001
,,0.09847581914312598
20220301_H2B Halo_Field26_2min_crop.rpt_tracked copy.trxyt,47,0.06614917222499904
,,0.24447690300312322
,,0.09645890996900039
,,0.14785287578112535
,,0.4438217089002493
,,0.657435011869
,,0.07629601445000032
,,0.01634580852499844
,,0.2650842178009995
,,0.3367716030740009
,,0.2601558783312534
,,0.2798416444809994
,,0.019155493917249366
,,0.08407854316025005
,,0.08434301185012406
,,0.09735765536200118
,,0.390951270189005
,,0.0022873147404999516
,,0.046527599893624275
,,0.11157649946524952
,,0.7867498040839996
,,0.40259143239400114
,,0.2844132436002469
20220301_H2B Halo_Field26_2min_crop.rpt_tracked copy.trxyt,49,0.40093234761625046
,,0.22368943600112576
,,0.08118775422499909
,,0.10124762073325021
,,0.03558481529125029
,,0.005133627478250121
,,0.16576740268662424
,,0.1447348273929979
20220301_H2B Halo_Field26_2min_crop.rpt_tracked copy.trxyt,68,0.058636934128250336
,,0.06567814152249953
,,0.041764074093250156
,,0.03943956165925006
,,0.10368651234849985
,,0.0020737911304999955
,,0.030934943820249496
,,0.019613702758250064
,,0.13588156235299928
,,0.6299713029122477
,,0.01083796986499992
,,0.16578205467924972
,,0.1455003239652506
,,0.019291803365000405
,,0.0006543297932500473
,,0.029582711090499623
,,0.04081694625450002
,,0.05759035564249983
,,0.03162805225825003
,,0.03375464943849974
,,0.07619384985425003
,,0.048787366445000015
,,0.06416734927225055
,,0.0908607000612495
,,0.039794336754500975
,,0.014862333136499989
,,0.0009383757702499959
,,0.03099389951924982
,,0.07113739071399977
,,0.0024444496525002062
,,0.03733777675300043
,,0.013545063849999666
,,0.05266128023650034
20220301_H2B Halo_Field26_2min_crop.rpt_tracked copy.trxyt,80,0.16940639173225075
,,1.6204443915312436
,,0.39209187532098955
,,0.047031385512501196
,,0.46690878811262726
,,0.4925578358226276
,,0.1405318428124998
,,0.1900312947031252
20220301_H2B Halo_Field26_2min_crop.rpt_tracked copy.trxyt,84,0.39882254002824824
,,0.10629932652799816
,,0.2916496251752526
,,0.23207915687524927
,,0.02585067027425002
,,0.019646791137999678
,,0.14739133239624896
,,0.18826713266125497
,,0.12070346445724857
,,0.2568994975022486
20220301_H2B Halo_Field26_2min_crop.rpt_tracked copy.trxyt,91,0.11181329935524932
,,0.2459837415781246
,,0.011890693094625295
,,0.10114245312125018
,,0.2107071282552492
,,0.20264284131862562
,,0.023177597314000487
20220301_H2B Halo_Field26_2min_crop.rpt_tracked copy.trxyt,93,0.12217119627399879
,,0.17252143930012567
,,0.0997700068039976
,,0.009042555820249801
,,0.0021325779250001243
,,0.23970577502500057
,,0.026447797587249966
,,0.06098452558599986
,,0.22227854678100015
,,0.0982255715859986
,,0.351865299415245
,,0.0780170124872462
,,0.0370846919090004
,,0.1653238283860003
,,0.22565347259600216
,,0.07086825615400075
,,0.14018319459999795
,,0.1372341315489996
,,0.061316835581248626
,,0.3060440282739966
,,0.1579270851562496
,,0.01623777258724998
,,0.011407844590250472
,,0.1397478714522512
,,0.23529313830100052
,,0.06257543188525148
,,0.13024336760900232
,,0.09869186645000104
,,0.14556257538100362
,,0.03226021894112484
,,0.1657153833250013
20220301_H2B Halo_Field26_2min_crop.rpt_tracked copy.trxyt,95,0.0004340454852501244
,,0.17882051125624907
,,0.08940274874499954
,,0.20887743508812442
,,0.1499400268265003
,,0.09689784660162575
,,0.010384629950250404
,,0.032830320895999805
,,0.27039808502499896
,,0.23015733177125006
,,0.41594573731600254
20220301_H2B Halo_Field26_2min_crop.rpt_tracked copy.trxyt,100,0.1096115644464999
,,0.1499090853489993
,,0.08864293443524986
,,0.2002858171330002
,,0.0757168963302498
,,0.3918178080472584
,,0.09476788861450038
20220301_H2B Halo_Field26_2min_crop.rpt_tracked copy.trxyt,101,0.2769795116132512
,,0.4255998167562515
,,0.025238843876250198
,,0.02389225434025011
,,0.11888944463049972
,,0.1280222931145013
,,0.0054500231562497215
,,0.06596112061825045
,,0.05835635675299895
,,0.11033525887299765
,,0.07517585144225054
,,0.2845737119402489
,,0.5382115627512495
,,0.4022627364642494
,,0.1873990417082515
,,0.38915089395425245
,,0.10705278010500205
,,0.062408059308250934
,,0.04783854629425033
,,0.11706118944724957
,,0.12824120876449824
,,0.039944296941250027
,,0.12073084240500144
,,0.24631579008625173
,,0.5286945174632494
,,0.5826806850602627
,,0.42714387802024767
,,0.13374731729299935
,,0.4354679146899998
,,0.6601144423592454
,,0.12899587412199898
,,0.2275394771642498
,,0.013808234736125058
,,0.027714808176250175
,,0.0638768756486257
20220301_H2B Halo_Field26_2min_crop.rpt_tracked copy.trxyt,110,0.5214407073362498
,,0.9008774492472503
,,0.19604571742625065
,,0.19149665120212425
,,0.6805511363982479
,,0.0672989222339994
,,0.10744062772500035
,,0.2291050899736258
,,0.055982571891250096
20220301_H2B Halo_Field26_2min_crop.rpt_tracked copy.trxyt,130,0.0242827876062499
,,0.04868816406249942
,,0.02569674752124999
,,0.2491813558171245
,,0.41948815439250964
,,0.10628686567249804
,,0.2554836962660038
20220301_H2B Halo_Field26_2min_crop.rpt_tracked copy.trxyt,141,0.022356604962500547
,,0.02326392414124957
,,0.06760095804050213
,,0.29484231436024083
,,0.21596368902099997
,,0.130601541258504
,,0.0397904922101253
,,0.2441428076199947
,,0.03618932812625051
,,0.6128281590325112
,,0.17931326067624836
,,0.2719205288052431
,,0.14544185114000255
,,0.06655054306224778
,,0.0824779099122505
,,0.2872089312512419
,,0.5261995178185117
,,0.33850104697824174
,,0.20501656049925682
,,0.03698588062849971
,,0.054073428532001276
,,0.04635568304649869
,,0.02426383507925081
,,0.008311121935999633
,,0.3194660514445049
,,0.034553140660999584
,,0.12354646501124975
,,0.15887138976249507
,,0.2601592759982563
,,0.15286798002249652
,,0.0640002137492522
,,0.046073355012498166
,,0.08673068602925091
,,0.07493072335450197
,,0.04312709785224889
,,0.22542435356125654
,,0.04371007267849919
,,0.0064123427682504595
,,0.11479258101249637
,,0.06283389956900128
,,0.2063221017569953
,,0.046072579394501656
,,0.2951670076062438
,,0.2628031500396246
,,0.3603250955005093
,,0.16728306830599543
,,0.15008731280500526
,,0.11898079068499846
,,0.4377646870512579
,,0.8499870315316232
,,0.435339594678489
,,0.11488633825300384
,,0.095015722603248
,,0.1204580277225018
20220301_H2B Halo_Field26_2min_crop.rpt_tracked copy.trxyt,144,0.04545588670249879
,,0.42285636864125953
,,0.42313120210123895
,,0.42470335693250805
,,0.21576332485025507
,,0.3574047319812414
,,0.671877622120013
,,0.3654997582892406
20220301_H2B Halo_Field26_2min_crop.rpt_tracked copy.trxyt,151,0.38331824344998994
,,0.023915962965625575
,,0.016205169054499778
,,0.005130753818124857
,,0.03126585458612517
,,0.24507129797200602
,,0.030471946365250007
20220301_H2B Halo_Field26_2min_crop.rpt_tracked copy.trxyt,154,0.07400329303300085
,,0.4260068544262392
,,0.01005265255525023
,,0.04280857688899877
,,0.1435306538385025
,,0.3506314696985003
,,0.27322428297712525
20220301_H2B Halo_Field26_2min_crop.rpt_tracked copy.trxyt,156,0.04553612482600097
,,0.2673233767742559
,,0.07126378981649778
,,0.06210077111300113
,,0.07554145190799982
,,0.05796895911024831
,,0.12276176321450205
,,0.2069292351006243
20220301_H2B Halo_Field26_2min_crop.rpt_tracked copy.trxyt,157,0.006656281381249864
,,0.009742493066500156
,,0.018580603868999644
,,0.01790476654500037
,,0.017946732096499714
,,0.03199619171225066
,,0.01662701895449971
,,0.07271757554825141
,,0.09160783818849821
,,0.019444695082000533
,,0.12948087933424743
,,0.04180592453000087
,,0.0225551469964995
,,0.028665814400500686
,,0.050846944212998874
,,0.07145710556625116
,,0.03030562672249941
,,0.09731983894225261
,,0.04985145305824897
,,0.18677128682500427
,,0.012369811126249545
,,0.0030705046970000535
,,0.05619286505424865
,,0.019331840628000262
,,0.01614904937125044
,,0.10685284462024741
,,0.055303230888251426
,,0.032434455244499165
,,0.07757585437825204
,,0.05711552470449831
,,0.02261721060625049
,,0.18647565193924606
,,0.09750756649250193
,,0.044462114226248683
,,0.05095602581800101
,,0.008990882830249762
,,0.08554683532025183
,,0.023849077564999474
,,0.04030189881250065
,,0.004075268954499906
,,0.0026124982600001004
,,0.016082638041999674
,,0.03162680200250049
,,0.019515252826249458
,,0.01174192131925032
,,0.018169901116249363
,,0.0033563449712500923
,,0.038253826398249355
,,0.03403100220325074
,,0.09696381674125207
,,0.09153248042249752
,,0.00021929749425001298
,,0.02921341103524941
,,0.022983374156500362
,,0.016413864340249686
,,0.006292360461250146
,,0.020979319884999393
,,0.09538392285250209
,,0.03810671425024938
,,0.06258289254425144
,,0.04143272038624894
,,0.026489369847250428
,,0.07013922693849807
20220301_H2B Halo_Field26_2min_crop.rpt_tracked copy.trxyt,160,0.18892084480525312
,,0.3137848465992407
,,0.30171248010625695
,,0.11519693045562393
,,0.04190403330249836
,,0.04090172610099985
,,0.34444457508499143
,,0.2942315006525051
20220301_H2B Halo_Field26_2min_crop.rpt_tracked copy.trxyt,168,0.13942485075600286
,,0.10711391754124962
,,0.0022366190899999697
,,0.06405169647650144
,,0.5417454201662387
,,0.5348357360200111
,,0.0119851491249991
,,0.13972948388050377
,,0.04028519738500037
,,0.20376616846625467
,,0.2966710853632425
,,0.1597584627970029
,,0.17610629704999847
,,0.09639163226250261
,,0.10563138313699731
,,0.21156781300850233
,,0.15386123992824677
,,0.10303716628125209
,,0.0648790876056251
,,0.07744704287224913
,,0.11606993111250243
,,0.10900116965524581
,,0.32861308850125415
,,0.3776932779212601
,,0.19295648737249382
,,0.6148371082812584
,,0.40269195288123916
,,0.08412716419825135
,,0.03319734194124887
,,0.03462675485650116
,,0.0302717460722491
,,0.029828465592250504
,,0.1438034260162447
,,0.13242553344925248
,,0.022093620181249992
,,0.00779423571200052
,,0.6616217674562324
,,0.23507834517425485
,,0.1072870512124969
,,0.09782194729625256
,,0.260575097953995
,,0.19647670437025466
,,0.14284642942799716
,,0.20450471382500557
,,0.02971009797424904
,,0.08971481852500209
,,0.3463660323102411
,,0.038685968744000966
,,0.2046038441522545
,,0.09348409335624817
20220301_H2B Halo_Field26_2min_crop.rpt_tracked copy.trxyt,179,0.14878098220625147
,,0.05615947024262459
,,0.09162725870724713
,,0.15596830881062507
,,0.030338759210500242
,,0.28005047812899375
,,0.1964455528056236
,,0.18804406815450347
,,0.31206176502249144
,,0.041966477646251624
,,0.005944615668499852
20220301_H2B Halo_Field26_2min_crop.rpt_tracked copy.trxyt,181,0.8475642608200189
,,0.05069689476612472
,,0.068320110444625
,,0.0568858602649983
,,0.05769655828625145
,,0.26118213066124546
,,0.20045507119625014
20220301_H2B Halo_Field26_2min_crop.rpt_tracked copy.trxyt,187,0.3701529835249927
,,0.192997453632125
,,0.21870997286125438
,,0.016915596447999916
,,0.04458708231762548
,,0.13769973747325354
,,0.0037836404271250597
,,0.1725711372264964
20220301_H2B Halo_Field26_2min_crop.rpt_tracked copy.trxyt,197,0.026995536878500887
,,0.15627441483124718
,,1.2154965220652754
,,1.2674965220552237
,,0.09452490053725063
,,0.3390543978031329
,,0.19885644658123566
,,0.08976587535450423
,,0.8710282701770206
,,0.10932396805062175
,,0.43515728372026113
,,0.5645536396250115
,,0.24166395897311888
,,0.07195934366325211
,,0.15729065788850272
,,0.24143841811998407
,,0.03393101882250064
,,0.18820855925225405
,,0.3305347904352579
,,0.07996258210024458
,,0.026725336146625412
,,0.29597145856450463
,,0.23023713225923192
,,0.14719231973000332
,,0.41159580382600613
,,0.36978395714125856
,,0.1637379622872388
,,0.16075515927812856
,,0.3142117824665093
20220301_H2B Halo_Field26_2min_crop.rpt_tracked copy.trxyt,208,0.035393194140497616
,,0.018369997296250398
,,0.01616230420224988
,,0.023718853995250713
,,0.09043421464862211
,,0.26748640172500626
,,0.5295599784312611
,,0.1157036306862518
,,0.09691527593699165
,,0.1781646809380029
,,0.08847833798225077
,,0.27422661106122914
,,0.5097649206582611
20220301_H2B Halo_Field26_2min_crop.rpt_tracked copy.trxyt,212,0.08733797533800142
,,0.22759793762525474
,,0.20023866714825583
,,0.003436706081250074
,,0.015460683020499815
,,0.11486747211125199
,,0.26569322707225534
,,0.03359013782824749
,,0.10806167266650188
,,0.4077088493725072
,,0.14263069780000093
,,0.0015029088591249013
,,0.14649010552100353
,,0.13581572163625308
,,0.25427388704898085
,,0.05648198931700032
,,0.4301312431490096
,,0.4132240885562573
,,0.22364654158898534
,,0.28985552878850623
,,0.08940187447225174
,,0.028006096618124053
,,0.14301493350850486
,,0.23923615800625617
,,0.11698550888400337
20220301_H2B Halo_Field26_2min_crop.rpt_tracked copy.trxyt,214,0.27750332510800696
,,0.1729789604825044
,,0.2692687963972303
,,0.18911293070762702
,,0.21726001174250104
,,0.2594151868112326
,,0.029921446652499982
,,0.29823119284825594
,,0.056876037939999166
,,0.16284363975025343
,,0.08567481827825182
20220301_H2B Halo_Field26_2min_crop.rpt_tracked copy.trxyt,215,0.21838946862500336
,,0.2197112080104873
,,0.6590222985782642
,,0.25513467035625514
,,0.09927960445000275
,,0.1991492733804886
,,0.10819828621250344
,,0.6452924892125115
,,0.32528197038500456
,,0.46825416867996794
20220301_H2B Halo_Field26_2min_crop.rpt_tracked copy.trxyt,217,0.18629157981800176
,,0.07238455062962246
,,0.07038606601825133
,,0.6288939615240119
,,0.1852816778742541
,,0.11017990534449973
,,0.5577592513689626
,,0.010902946211124896
,,0.45910018762400673
,,0.5515850835912138
,,0.09009074355125427
,,0.01345498620050056
,,0.02416434711850039
,,0.047986029700246506
,,0.4292831110825088
,,0.11746683155925108
,,0.1645841761002535
,,0.13529712041462222
,,0.02955471047125067
,,0.00011893283449993997
,,0.060667189222495976
,,0.07438342745300125
,,0.07540091705562618
,,0.07112183234499712
,,0.15549732497125485
,,0.17342521927325338
,,0.19326895728125446
,,0.138448462302621
,,0.01831132129025012
,,0.5716061555840124
,,0.21895881258850602
,,0.023888586770498314
,,0.10757621453800215
,,0.06210785919425132
,,0.06967117915250037
,,0.8529211278841924
,,0.4203619953345081
,,0.0796567580626279
,,0.025095330962499194
,,0.016266112435250335
20220301_H2B Halo_Field26_2min_crop.rpt_tracked copy.trxyt,219,0.01583142112624936
,,0.049907759490625654
,,0.031461955600501135
,,0.14966888993712124
,,0.307896781740507
,,0.17111863336250444
,,0.018794941898500755
,,0.058259935939996524
,,0.16033577925012807
,,0.4327517197810079
,,0.024220483520499877
,,0.4610665375285146
,,0.018008496865000865
,,0.02002047584799836
,,0.0347947756645008
,,0.055513434775625564
,,0.043139635534246594
,,0.22033050343525432
,,0.06918460215325323
,,0.03600731582500177
20220301_H2B Halo_Field26_2min_crop.rpt_tracked copy.trxyt,220,0.4039244311220059
,,0.14957247892625222
,,0.3185702073902295
,,0.06890169063825191
,,0.014162990013250467
,,0.0549643313211238
,,1.2258883567992813
,,0.4509293118500121
20220301_H2B Halo_Field26_2min_crop.rpt_tracked copy.trxyt,223,0.10128144583249375
,,0.1625034692725028
,,0.1865058756462533
,,0.026385454670500335
,,0.06476503715862292
,,0.02094253221850069
,,0.027453066516250384
,,0.4124160769765089
20220301_H2B Halo_Field26_2min_crop.rpt_tracked copy.trxyt,230,0.2527348187845055
,,0.41417758680625777
,,0.07009782049862304
,,0.2598467406525073
,,0.34311404670626017
,,0.05971494106825216
,,0.09799337334799384
,,0.012052971753250308
,,0.02417901667525075
20220301_H2B Halo_Field26_2min_crop.rpt_tracked copy.trxyt,231,0.12239213739625285
,,0.06417465550224473
,,0.003028906044249987
,,0.005654717912500365
,,0.015282513931250229
,,0.0039621227399999695
,,0.05720691372649732
,,0.05421662101125156
,,0.07421547779725135
,,0.015006584008250588
,,0.01146356080849913
,,0.026899158315250533
,,0.051481449490251636
,,0.029882446686250723
,,0.0032698544052497526
,,0.004438043543250131
,,0.1235130919362527
,,0.14134004352325222
,,0.07680291197624453
,,0.002794631344249955
,,0.04047477312500041
,,0.02795100526250087
,,0.09990336456049441
,,0.036200931118250755
,,0.0399474244685007
,,0.00700031526025
,,0.03165282218824766
,,0.023427875354000302
,,0.007886679256249746
,,0.025688228826250697
,,0.005977724152499968
,,0.010847247021249264
,,0.03697099958500062
,,0.027986598925000668
,,0.06952899532225192
,,0.03059766210049734
,,0.058213279753251516
,,0.059098984932250825
,,0.05258424139700094
,,0.042150555076246786
,,0.05317810680250198
,,0.05585218779625262
,,0.06114390924625144
,,0.006037136499999643
,,0.042503099748251054
,,0.014147911746250668
,,0.03932019999125174
,,0.04340495843424827
,,0.06386957514099986
,,0.02674119681250053
,,0.03376376484125122
,,0.10000519017724457
,,0.015817501165000136
,,0.017544100608500358
,,0.012241336648000591
,,0.0006263914225000845
,,0.009350694299248898
,,0.03596348703425064
,,0.009198086582500136
,,0.06427825050125148
,,0.010658339455999189
,,0.02312134978000012
,,0.003909929934500036
,,0.01120350666125022
,,0.004879395087999648
,,0.00633901481650019
,,0.01124592120624996
,,4.2328978250001484e-05
,,0.012350355870499246
,,0.05103579924200138
,,0.027313387154500372
,,0.16246233770425142
,,0.02518365112249749
,,0.008001886881250322
,,0.011726157481000126
20220301_H2B Halo_Field26_2min_crop.rpt_tracked copy.trxyt,235,0.0358316705430635
,,0.17156030366278602
,,0.018595421432010446
,,0.060922000206491425
,,0.027603813445803062
,,0.012458839681460311
,,0.0024585319877725915
,,0.07916934609994183
,,0.03999952034872334
,,0.002699674605062003
,,0.12052222704800303
,,0.055933155269953655
,,0.06986791221029187
,,0.21632418807101475
,,0.07556012339740405
,,0.23109918651105804
,,0.12210586425612532
,,0.007572120302802832
,,0.1354126086042287
,,0.039345989679253374
,,0.09403576122942452
,,0.15190465076000303
,,0.04870219678825082
,,0.2149326506360264
,,0.10202315545387443
,,0.061518989162300655
,,0.2812473465934463
,,0.9990278222876309
,,0.5312121652613006
,,0.016453862966352883
,,0.13001642548581543
,,0.018872483162052985
,,0.07205598446397378
,,0.23384805895225236
,,0.18241264658704348
,,0.5750697060201022
,,0.18053034511677607
,,0.32923055301889603
,,0.06068197566720374
,,0.2934171909164115
,,0.4057053153650693
,,0.030816302016597834
,,0.02922941440315303
,,0.026669011125640872
,,0.023901934557523433
,,0.05652493941906382
,,0.06003877844500154
,,0.00024289560310250934
,,0.09806878138110449
,,0.013266596038337899
,,0.056712559068403584
,,0.04468415808910333
,,0.29772674103841623
,,0.054306771558063245
,,0.07071907324731427
,,0.012715937682372823
,,0.09288934317000226
,,0.015541297562497504
,,0.13879870774927527
,,0.4484989503337693
,,0.15591165460792553
,,0.07115691412301109
,,0.04156758620761116
,,0.1475016339803755
,,0.1559871841625033
,,0.06429884541026178
,,0.15167684783966612
,,0.1746404357243153
,,0.23437955954069478
,,0.46257068736686097
,,0.03769159408020347
,,0.26686430985031706
,,0.46176052224108094
,,0.016570754167210412
,,0.21310017573552686
,,0.04604879422250102
,,0.049912752064063634
,,0.0830063896052524
,,0.16899393298804377
,,0.17650413175400428
,,0.21207304300549482
,,0.13040590575957542
,,0.0012850568535623618
,,0.022600019289062575
,,0.06525753907300096
,,0.1501412344028931
,,0.2456397171118956
,,0.4360419586413326
,,0.38968795492421066
,,0.10252050736281496
,,0.0241386972971527
,,0.10602833477279601
,,0.016295576013823105
,,0.007444466676072974
,,0.154766536829892
,,0.10566596547805474
,,0.2530098277583169
,,0.0012145771046600017
,,0.10823280839031432
,,0.14381749968423782
,,0.14829204881490626
,,0.15977036842069386
,,0.09211816922804207
,,0.08521396734736134
,,0.10375712706884198
,,0.05269021370752351
,,0.020834475797290822
,,0.21869499785405672
,,0.11061727854769296
,,0.05118532194626094
,,0.14391323700832526
,,0.08909805010925145
,,0.06906836069707353
,,0.06391970850432374
,,0.004927053401402569
,,0.650209581035565
,,0.2509145247297709
,,0.3390565977674605
,,0.18728548584981602
,,0.41432617015081846
,,0.06374720939729143
,,0.20216934167290782
,,0.12583595384149282
,,1.066495179292631
,,0.0633948333185925
,,0.003485438069352524
,,0.392130178076508
,,0.004111213374160061
,,0.07665404715380385
,,0.16768930236752524
,,0.11636333409080493
,,0.12935177450856222
,,0.03265312179960503
,,0.2837537483180961
,,0.29079506483485823
,,0.30475498194986633
,,0.07242696610669144
,,0.03086336369460337
,,0.058583379006823914
,,0.41506355527325905
,,0.2153899500626649
,,0.1797076010010951
,,0.03336745478005321
,,0.08380630726906177
,,0.06787315661426153
,,0.08072739368052408
,,0.12471294976564264
,,0.06474705009125153
,,0.04388575350034087
,,0.15430638996702795
,,0.09128113558706433
,,0.00267323472061007
,,0.18477583999381392
,,0.030520934659953272
,,0.07142978928721147
,,0.08656473895995453
,,0.020971831389890297
,,0.23146074865065352
,,0.025327845238210665
,,0.11487781501186228
,,0.13694181437905542
,,0.84593504343057
,,0.4303107490442595
,,0.17650159681300628
,,0.15018703065557318
,,0.20520323587894038
,,0.08938742321609185
,,0.1814975840762538
,,0.014279081656250248
,,0.09697998756500227
,,0.31490992360321624
,,0.037624502271250755
,,0.05732372454250104
,,0.06324670691405297
,,0.02485916593169046
,,0.029953298841460668
,,0.09279516490501194
,,0.040743671569940874
,,0.23521645884450806
,,0.07485680929786206
20220301_H2B Halo_Field26_2min_crop.rpt_tracked copy.trxyt,237,0.1846165538312538
,,0.045473805696500995
,,0.03804581767625122
,,0.006435659194000078
,,0.048703081090001
,,0.021402320412250268
,,0.03930514012899367
,,0.3351121155931607
,,0.20808497538385806
,,0.01916397731425024
,,0.10207348660529225
,,0.07383196139850154
,,0.2493484389958925
,,0.27519639761250453
,,0.07370486788923901
,,0.1958438177665045
,,0.02263867253650028
,,0.1283895777492533
,,0.011825036642250243
,,0.034226080645250526
,,0.005649210675999851
,,0.007293551694250406
,,0.054275170468002475
,,0.011168502182498466
,,0.00954260966525059
,,0.023622283728250305
,,0.05670451404050295
,,0.0049651689364998974
,,0.009586801512500232
,,0.02663540139625048
,,0.00016108207449999678
,,0.023828196493246186
,,0.011358426472000086
,,0.02846608701724996
,,0.016159129902500347
,,0.009164287467249933
,,0.00540515295050013
,,0.026055985184999547
,,0.01631258758450037
,,0.04172298717249398
,,0.05018235080525135
,,0.05033888425925086
,,0.15372173295650282
,,0.08959537425050207
,,0.07489638576250149
,,0.005712337156500004
,,0.04456821212325075
,,0.007916945352500204
,,3.0891456250005874e-05
,,0.10641822887825138
,,0.0312287687462502
,,0.0011397054605001263
,,0.012976189653250978
,,0.011732667984250334
,,0.019390729432500444
,,0.0289896089570007
,,0.019732333072246533
,,0.030813730716500908
,,0.10798827891625261
,,0.015130618363250425
,,0.02061893922499988
,,0.0007989711062499664
,,0.24005143403125592
,,0.07849679412500152
,,0.02935491006624556
,,0.00044703979450004164
,,0.08977733212500301
,,0.04144714814500136
,,0.06199145585125138
,,0.1618525557812534
,,0.03774623155625119
,,0.05089190590525148
,,0.015013795512499576
,,0.0005162296839998784
,,0.17910155078800363
,,0.21528709901725662
,,0.021127720591250815
,,0.17366091629650343
,,0.04888396397925089
,,0.0005787434525000057
,,0.052718497638502185
,,0.06921953612448928
,,0.04257921102625068
,,0.3452172509840975
20220301_H2B Halo_Field26_2min_crop.rpt_tracked copy.trxyt,241,0.06668861778625185
,,0.34198718627594804
,,0.20551923982225434
,,0.1182884477052536
,,0.03266231144425128
,,0.04856744394650184
,,0.005409267748249993
,,0.042872674698251144
,,0.09481539314925162
,,0.09399293927723408
,,0.015518370788500309
,,0.3399528158690083
,,0.03576799347125086
,,0.06929224113825122
,,0.203207964448255
,,0.3244822915625071
,,0.4919576354905102
,,0.9269888095931079
,,0.4264856600170127
,,0.4166931664525063
,,1.0462722725562676
,,1.0905946976172627
,,0.049032667471999324
,,0.26578522594625675
,,0.5442758898965173
,,1.8616053782772815
,,0.6996439928611418
,,0.10477364648525207
,,0.4349789814005054
,,0.07885019153250179
,,0.10387845599625198
,,0.5190503085752592
,,0.23877261335650266
,,0.2038100224450007
,,0.08076851648498552
,,0.10620685770500285
,,0.3370890984745078
,,0.08160757016425203
,,0.0008199303432500934
,,0.0014679949540002124
,,0.16845338691700565
,,0.0670723928302512
,,0.3059469925731047
,,0.21039402692500497
,,0.29142376525225594
,,0.5485777441585092
,,0.2984976075410012
,,0.08617641765625278
20220301_H2B Halo_Field26_2min_crop.rpt_tracked copy.trxyt,255,0.14258762750722842
,,0.1498680531625312
,,0.054593643295992304
,,0.053340508230491586
,,0.030249504248505844
,,0.013736186382497823
,,0.07021075744226479
,,0.013753758216248468
,,0.01978897693000417
,,0.06576337003923968
,,0.009968482623248382
,,0.01312204674050239
,,0.24616808202121102
,,0.04953673324525975
,,0.18654504249622175
,,0.12699336892502525
,,0.11398557819848243
,,0.02677557498050553
,,0.027254336856495892
,,0.06618955139598973
,,0.05928713926251182
,,0.018648858414247814
,,0.05847383522526152
,,0.1091881723524814
,,0.07877620109051414
,,0.20799127547046767
,,0.005042867353000807
,,0.021929336993246756
,,0.0042225652224992406
,,0.1322960851925269
,,4.33840765000007e-05
,,0.03271914595225634
20220301_H2B Halo_Field26_2min_crop.rpt_tracked copy.trxyt,260,0.7369996916426471
,,1.1874977820430677
,,0.790802755533409
,,0.10864973855523266
,,0.024106382436625478
,,0.07837281092123707
,,0.08059553982101508
20220301_H2B Halo_Field26_2min_crop.rpt_tracked copy.trxyt,261,0.08522903607723588
,,0.12764551882402403
,,0.03599765074224514
,,0.049171594306261036
,,0.20093016822521734
,,0.03008923845525614
,,0.013378209855247401
,,0.2713226743272089
,,0.06198182330001219
,,0.06538690442223946
,,0.08024981675526541
,,0.07912809402098639
,,0.18611764772503595
,,0.09007500475523719
,,0.028411235381255742
,,0.15512852386022696
,,0.3017728591472047
,,0.35977860302507175
,,0.021687680724996782
,,0.38345710566732777
,,0.09436920075223491
,,0.3200860469410629
,,0.039830883655242115
,,0.09315948012726792
,,0.033162764488995654
,,0.005707395940998223
,,0.028840523481254474
,,0.06516510041223737
,,0.056067780031260096
,,0.03395577171024596
,,0.014656892827253912
20220301_H2B Halo_Field26_2min_crop.rpt_tracked copy.trxyt,263,0.014484417242003037
,,0.14637937592922692
,,0.9105092869274324
,,2.394529843052123
,,0.1609623034809749
,,0.34978014340631974
,,0.5233467757351687
,,0.6283578619486261
,,0.12386944186848098
,,0.09366160434026864
,,0.07625191019412689
,,0.10990428244998227
,,0.3048886664012024
,,0.022788060231254858
,,0.25522237846620927
,,0.7117123729883915
,,0.06429638821623973
,,0.36468028415657283
,,0.15749498828122543
,,0.1165397985064818
,,0.18402771181603628
,,0.008705654121248506
,,0.009566279368001702
,,0.2540597755812095
,,0.16983485240403365
,,0.8922340677401106
,,0.15700807268503153
,,0.5346646204644162
,,0.1612075185812812
,,0.08036006156523771
,,0.1739126146062851
,,0.17999229923322188
,,0.7655466057426514
,,0.21818770251325464
,,0.5352684309324175
20220301_H2B Halo_Field26_2min_crop.rpt_tracked copy.trxyt,267,0.02707180669249597
,,0.03500038360925734
,,0.22586917670721415
,,0.02919477440499552
,,0.002674995437000294
,,0.05705485252999167
,,0.007277334702501363
,,0.16912267306247386
20220301_H2B Halo_Field26_2min_crop.rpt_tracked copy.trxyt,270,0.08664072139923766
,,0.03828353054825784
,,0.0698325183444906
,,0.003384533299250573
,,0.029581744030246264
,,0.01257671422449769
,,0.0046750964965010045
,,0.09696093810323524
,,0.0292277526570058
,,0.002353815958499678
,,0.05933002959651066
,,0.046101388281242744
,,0.05333242220326082
,,0.0073095834512491775
,,0.0033608206962505746
,,0.03011487578124427
,,0.10986384116427196
,,0.12351924708498148
,,0.005854385004501284
20220301_H2B Halo_Field26_2min_crop.rpt_tracked copy.trxyt,272,0.024317085650004754
,,0.0845830649522384
,,0.016664553145003484
,,0.001982644224999804
,,0.0034949036372494274
,,0.20372050467628597
,,0.0062988439024998155
,,0.0294414724825059
,,0.046425039276242266
,,0.07874174939301654
,,0.2683333337062094
20220301_H2B Halo_Field26_2min_crop.rpt_tracked copy.trxyt,276,0.4415655533084339
,,0.0870401145640175
,,0.08657815122223611
,,0.3594424261850699
,,0.39257986397818634
,,0.20012347487428914
,,0.30356591887395395
,,0.01831004630450405
,,0.16457911080497364
,,0.021147284420996212
,,0.39850360219233094
,,0.8513720635938705
,,0.615522599210372
,,0.06818336143623963
,,0.046039356353259196
,,0.12554909689622998
,,0.0307172182249953
,,0.06734927498051436
,,0.09235384722498627
,,0.16993719538628188
,,0.22474109062096334
,,0.013747603250002852
,,0.01685225083600037
,,0.3578544695289425
,,0.3049912574552029
,,0.14461176858052915
,,0.59914027852316
,,0.11190122538312769
,,0.014799204913003235
,,0.04685262217024259
,,0.2800628673582554
,,0.08656369890623675
,,0.44696214169708914
20220301_H2B Halo_Field26_2min_crop.rpt_tracked copy.trxyt,280,0.015733190979997546
,,0.08654673084926638
,,0.05499977225624136
,,0.09193680566823581
,,0.12562114170827496
,,0.04355931993849303
,,0.1444980493292789
,,0.02845156163299608
,,0.08587857124251598
,,0.0098037108182482
,,0.06725006263626343
,,0.06878290764998976
20220301_H2B Halo_Field26_2min_crop.rpt_tracked copy.trxyt,288,3.4866843325296926
,,4.823962611398467
,,1.514302126623941
,,7.0858650509876595
,,0.4807020263239249
,,7.497372438616726
,,14.923154022722661
20220301_H2B Halo_Field26_2min_crop.rpt_tracked copy.trxyt,318,0.14899401383727773
,,0.21573144122504243
,,0.2902137404090581
,,0.03144371624998536
,,0.008253097306251253
,,0.036593859146007865
,,0.06965812195601453
,,0.1605129451301701
,,0.19614659731603834
,,0.4238197604573329
,,0.04482694278722695
,,0.05824503299526096
20220301_H2B Halo_Field26_2min_crop.rpt_tracked copy.trxyt,320,0.025969603132236754
,,0.01078710433525192
,,0.0014557131812502103
,,0.1369885502551802
,,0.002688229060250241
,,0.08410624330401696
,,0.11913349734402406
,,0.08822979456395338
,,0.13784096335402812
,,0.01887188320400398
,,0.13466092587393064
,,0.01258485612500207
,,0.061620591825012956
,,0.018364490725254645
,,0.022902086128988967
,,0.00305643430525017
,,0.0074771461610015875
,,0.09477379504026974
,,0.06339676653121974
,,0.00563887659400117
,,0.0028061558852505246
,,0.009801374899994466
,,0.02545516821725509
,,0.04743509410100921
,,0.06705762582101073
,,0.04278277052897608
,,0.02125711158100507
,,0.047165496102259875
,,0.03764934921023184
,,0.03752326822900923
,,0.0013612000172501936
,,0.07789431885626683
,,0.04421714010622859
,,0.0029452134610006143
,,0.0011034769622503644
,,0.09466039368395505
,,0.07946677390401569
,,0.04177662970000907
,,0.046831927690260865
,,0.011997355681244909
,,0.22592975426604853
,,0.13500585125002698
,,0.0008163407722501456
20220301_H2B Halo_Field26_2min_crop.rpt_tracked copy.trxyt,354,0.05448348099026095
,,0.014154038058243239
,,0.009583987783251792
,,0.0051750861425012415
,,0.022214087676504502
,,0.04186700164247871
,,0.17524007511253537
,,0.3431661869810663
,,0.06839666984246488
,,0.023429012996004805
,,0.017282839049004538
,,0.08694702880626827
20220301_H2B Halo_Field26_2min_crop.rpt_tracked copy.trxyt,362,0.001649751855250027
,,0.024212625307255344
,,0.005849164423251353
,,0.00847290440124629
,,0.016777488742251864
,,0.0018704689942503651
,,0.0434565080402607
,,0.002876839342248112
,,0.007304065869251455
,,0.06709244040226332
,,0.06224798871246906
,,0.046051868874509655
,,0.0005098156610001448
,,0.03544289653250708
,,0.048373503124975355
,,0.24418249817130316
,,0.16148396762653333
,,0.019850548521238406
,,0.03896430686525598
,,0.1823455308992826
,,0.06788858242501329
,,0.0340274377944832
,,0.15563956759203437
,,0.06526724078651315
,,0.001307464758249436
,,0.3395791096820672
,,0.16689233917253357
,,0.013040102774502843
20220301_H2B Halo_Field26_2min_crop.rpt_tracked copy.trxyt,364,0.0075734507802513685
,,0.00551606057125101
,,0.01308387903525285
,,0.005669960499997147
,,0.07478787754001487
,,0.02518303217625528
,,0.2798897377143569
,,0.3918002580783282
,,0.18079570240228662
,,0.09065466276201802
,,0.03262796257923371
,,0.0540984255745108
,,0.03719236944400802
,,0.1314368665759339
,,0.06567215419126217
,,0.03260039442850661
,,0.09620509131452083
,,0.3251919758808351
,,0.06507284422826287
,,0.024252338358254688
,,0.09177752648451802
,,0.12450214666818636
20220301_H2B Halo_Field26_2min_crop.rpt_tracked copy.trxyt,366,0.007688864061245726
,,0.0327812650312555
,,0.013277768282502954
,,0.033077511846483935
,,0.0058446050525009004
,,0.018219619599254652
,,0.012662604227252744
